{
  "seq": 714,
  "type": "AGENT_ULTRASTABILITY",
  "timestamp": "2026-01-05T08:34:11.818Z",
  "data": {
    "cycle": 100,
    "before": {
      "interval": 43064.65713375001,
      "criticalThreshold": 0.04518439453125,
      "urgencyThreshold": 0.13555318359375,
      "restThreshold": 0.00059049
    },
    "after": {
      "interval": 38758.19142037501,
      "criticalThreshold": 0.04518439453125,
      "urgencyThreshold": 0.13555318359375,
      "restThreshold": 0.000531441
    },
    "reason": "Stability issues (8/8); Integrity issues (4) - requires attention",
    "violationCounts": {
      "energy": 0,
      "stability": 8,
      "integrity": 4,
      "total": 8
    },
    "energyBefore": 0.3909999999999999,
    "energyAfter": 0.3909999999999999,
    "adaptationCount": 10
  },
  "prev_hash": "f9e2de286d101cdfbfbfb2e84d55fe88d45b23b7d4bc73563d7dbb6eb89862a5",
  "hash": "4009f3435d03557922fc05540b78f23a49ca5a9f9d9b1606e1cb665b79712f12"
}