{
  "seq": 736,
  "type": "AGENT_ULTRASTABILITY",
  "timestamp": "2026-01-05T08:46:33.828Z",
  "data": {
    "cycle": 120,
    "before": {
      "interval": 34882.37227833751,
      "criticalThreshold": 0.04518439453125,
      "urgencyThreshold": 0.13555318359375,
      "restThreshold": 0.0004782969
    },
    "after": {
      "interval": 31394.135050503763,
      "criticalThreshold": 0.04518439453125,
      "urgencyThreshold": 0.13555318359375,
      "restThreshold": 0.00043046721
    },
    "reason": "Stability issues (8/8); Integrity issues (4) - requires attention",
    "violationCounts": {
      "energy": 0,
      "stability": 8,
      "integrity": 4,
      "total": 8
    },
    "energyBefore": 0.33099999999999985,
    "energyAfter": 0.33099999999999985,
    "adaptationCount": 12
  },
  "prev_hash": "17f2cc0e348982ad2c8607112050c9700235ae6450f480aed65918891c9d2f7c",
  "hash": "4af04f092908d66960cfac027b5c05482be92fbe012685c3da94edce4295d241"
}