{
  "seq": 846,
  "type": "AGENT_ULTRASTABILITY",
  "timestamp": "2026-01-05T17:34:52.884Z",
  "data": {
    "cycle": 330,
    "before": {
      "interval": 10000,
      "criticalThreshold": 0.04518439453125,
      "urgencyThreshold": 0.13555318359375,
      "restThreshold": 0.0001
    },
    "after": {
      "interval": 10000,
      "criticalThreshold": 0.04518439453125,
      "urgencyThreshold": 0.13555318359375,
      "restThreshold": 0.0001
    },
    "reason": "Stability issues (10/10); Integrity issues (5) - requires attention",
    "violationCounts": {
      "energy": 0,
      "stability": 10,
      "integrity": 5,
      "total": 10
    },
    "energyBefore": 0.32799999999999985,
    "energyAfter": 0.32799999999999985,
    "adaptationCount": 33
  },
  "prev_hash": "d295b1bc0f608b321bbc029f2bcf8bf040171991b2d3176f865f628ef9004a60",
  "hash": "1fecf26cb8b13d1c61713e4c5d7b47588136d6bd5d0a4ef36780d9b8ad0c1008"
}