{
  "seq": 847,
  "type": "AGENT_ULTRASTABILITY",
  "timestamp": "2026-01-05T18:09:08.748Z",
  "data": {
    "cycle": 340,
    "before": {
      "interval": 10000,
      "criticalThreshold": 0.04518439453125,
      "urgencyThreshold": 0.13555318359375,
      "restThreshold": 0.0001
    },
    "after": {
      "interval": 10000,
      "criticalThreshold": 0.04518439453125,
      "urgencyThreshold": 0.13555318359375,
      "restThreshold": 0.0001
    },
    "reason": "Stability issues (10/10); Integrity issues (5) - requires attention",
    "violationCounts": {
      "energy": 0,
      "stability": 10,
      "integrity": 5,
      "total": 10
    },
    "energyBefore": 0.32799999999999985,
    "energyAfter": 0.32799999999999985,
    "adaptationCount": 34
  },
  "prev_hash": "1fecf26cb8b13d1c61713e4c5d7b47588136d6bd5d0a4ef36780d9b8ad0c1008",
  "hash": "e1ffc3547549cd3223904154462887479ba87059ebeb22a6e2996f254495c419"
}