{
  "seq": 811,
  "type": "AGENT_ULTRASTABILITY",
  "timestamp": "2026-01-05T10:16:49.076Z",
  "data": {
    "cycle": 180,
    "before": {
      "interval": 18537.922805971968,
      "criticalThreshold": 0.04518439453125,
      "urgencyThreshold": 0.13555318359375,
      "restThreshold": 0.00025418658283290005
    },
    "after": {
      "interval": 16684.13052537477,
      "criticalThreshold": 0.04518439453125,
      "urgencyThreshold": 0.13555318359375,
      "restThreshold": 0.00022876792454961005
    },
    "reason": "Stability issues (10/10); Integrity issues (5) - requires attention",
    "violationCounts": {
      "energy": 0,
      "stability": 10,
      "integrity": 5,
      "total": 10
    },
    "energyBefore": 0.17799999999999977,
    "energyAfter": 0.17799999999999977,
    "adaptationCount": 18
  },
  "prev_hash": "fb206d481a4b6e8c057132cbe4480674b63c67b9f1b26dd226c695dac8401b2e",
  "hash": "61f7b57c7de34aa18acf1a6a9280fa5d5f637f9caf491b564c991c793ce90542"
}