{
  "seq": 814,
  "type": "AGENT_ULTRASTABILITY",
  "timestamp": "2026-01-05T12:18:07.700Z",
  "data": {
    "cycle": 190,
    "before": {
      "interval": 16684.13052537477,
      "criticalThreshold": 0.04518439453125,
      "urgencyThreshold": 0.13555318359375,
      "restThreshold": 0.00022876792454961005
    },
    "after": {
      "interval": 15015.717472837294,
      "criticalThreshold": 0.04518439453125,
      "urgencyThreshold": 0.13555318359375,
      "restThreshold": 0.00020589113209464906
    },
    "reason": "Stability issues (10/10); Integrity issues (5) - requires attention",
    "violationCounts": {
      "energy": 0,
      "stability": 10,
      "integrity": 5,
      "total": 10
    },
    "energyBefore": 0.17799999999999977,
    "energyAfter": 0.17799999999999977,
    "adaptationCount": 19
  },
  "prev_hash": "af553b27ae100f664e8ed15fe65b83ac704a106da6f8afaf08164fd5aa106d9d",
  "hash": "2b9e8d93310e7f7b9cf531b6de8497d483c658ba2315525409ce475dc3680e1b"
}