{
  "seq": 827,
  "type": "AGENT_ULTRASTABILITY",
  "timestamp": "2026-01-05T16:38:46.918Z",
  "data": {
    "cycle": 220,
    "before": {
      "interval": 12162.731152998209,
      "criticalThreshold": 0.04518439453125,
      "urgencyThreshold": 0.13555318359375,
      "restThreshold": 0.00016677181699666576
    },
    "after": {
      "interval": 10946.458037698389,
      "criticalThreshold": 0.04518439453125,
      "urgencyThreshold": 0.13555318359375,
      "restThreshold": 0.0001500946352969992
    },
    "reason": "Stability issues (10/10); Integrity issues (5) - requires attention",
    "violationCounts": {
      "energy": 0,
      "stability": 10,
      "integrity": 5,
      "total": 10
    },
    "energyBefore": 0.2779999999999998,
    "energyAfter": 0.2779999999999998,
    "adaptationCount": 22
  },
  "prev_hash": "b95b6e21fc111c0411a42e078e7cdc36077f786dac4c441b9b2858f0f73c3111",
  "hash": "5f21bd551df43a04115f73a795fe752182529d6693634d4cd775826d455a5f06"
}