{
  "seq": 835,
  "type": "AGENT_ULTRASTABILITY",
  "timestamp": "2026-01-05T17:13:40.713Z",
  "data": {
    "cycle": 290,
    "before": {
      "interval": 10000,
      "criticalThreshold": 0.04518439453125,
      "urgencyThreshold": 0.13555318359375,
      "restThreshold": 0.0001
    },
    "after": {
      "interval": 10000,
      "criticalThreshold": 0.04518439453125,
      "urgencyThreshold": 0.13555318359375,
      "restThreshold": 0.0001
    },
    "reason": "Stability issues (10/10); Integrity issues (5) - requires attention",
    "violationCounts": {
      "energy": 0,
      "stability": 10,
      "integrity": 5,
      "total": 10
    },
    "energyBefore": 0.2779999999999998,
    "energyAfter": 0.2779999999999998,
    "adaptationCount": 29
  },
  "prev_hash": "c55f6e04e8f6d97033db75c15b8641646eb7445b24c387e0b95d4f99c94a6f56",
  "hash": "f44307978abf111f52890493a1ad381b482abd66b859ad7a742249a85c8b5f95"
}