{
  "seq": 830,
  "type": "AGENT_ULTRASTABILITY",
  "timestamp": "2026-01-05T16:43:56.711Z",
  "data": {
    "cycle": 250,
    "before": {
      "interval": 10000,
      "criticalThreshold": 0.04518439453125,
      "urgencyThreshold": 0.13555318359375,
      "restThreshold": 0.00012157665459056936
    },
    "after": {
      "interval": 10000,
      "criticalThreshold": 0.04518439453125,
      "urgencyThreshold": 0.13555318359375,
      "restThreshold": 0.00010941898913151243
    },
    "reason": "Stability issues (10/10); Integrity issues (5) - requires attention",
    "violationCounts": {
      "energy": 0,
      "stability": 10,
      "integrity": 5,
      "total": 10
    },
    "energyBefore": 0.2779999999999998,
    "energyAfter": 0.2779999999999998,
    "adaptationCount": 25
  },
  "prev_hash": "5253893de4b4119ac859af732c403f54e4d9d8fc60894b58a6ddb551c466379c",
  "hash": "38497100145177390873c16f38378a11c0018fb3f8e339998fc00f7f2297ea17"
}