{
  "seq": 829,
  "type": "AGENT_ULTRASTABILITY",
  "timestamp": "2026-01-05T16:42:16.610Z",
  "data": {
    "cycle": 240,
    "before": {
      "interval": 10000,
      "criticalThreshold": 0.04518439453125,
      "urgencyThreshold": 0.13555318359375,
      "restThreshold": 0.0001350851717672993
    },
    "after": {
      "interval": 10000,
      "criticalThreshold": 0.04518439453125,
      "urgencyThreshold": 0.13555318359375,
      "restThreshold": 0.00012157665459056936
    },
    "reason": "Stability issues (10/10); Integrity issues (5) - requires attention",
    "violationCounts": {
      "energy": 0,
      "stability": 10,
      "integrity": 5,
      "total": 10
    },
    "energyBefore": 0.2779999999999998,
    "energyAfter": 0.2779999999999998,
    "adaptationCount": 24
  },
  "prev_hash": "831e060b5f1896ece4a488fc03b00fa7fcf928ad0f1a7eca5f6a7b034fc9821c",
  "hash": "5253893de4b4119ac859af732c403f54e4d9d8fc60894b58a6ddb551c466379c"
}