{
  "seq": 848,
  "type": "AGENT_ULTRASTABILITY",
  "timestamp": "2026-01-05T18:17:08.487Z",
  "data": {
    "cycle": 350,
    "before": {
      "interval": 10000,
      "criticalThreshold": 0.04518439453125,
      "urgencyThreshold": 0.13555318359375,
      "restThreshold": 0.0001
    },
    "after": {
      "interval": 10000,
      "criticalThreshold": 0.04518439453125,
      "urgencyThreshold": 0.13555318359375,
      "restThreshold": 0.0001
    },
    "reason": "Stability issues (10/10); Integrity issues (5) - requires attention",
    "violationCounts": {
      "energy": 0,
      "stability": 10,
      "integrity": 5,
      "total": 10
    },
    "energyBefore": 0.32799999999999985,
    "energyAfter": 0.32799999999999985,
    "adaptationCount": 35
  },
  "prev_hash": "e1ffc3547549cd3223904154462887479ba87059ebeb22a6e2996f254495c419",
  "hash": "a52e8bab27e28fbb522a55f9f36227110f07fed6d6721d2380fa09e9c67f9ab1"
}