{
  "seq": 861,
  "type": "AGENT_ULTRASTABILITY",
  "timestamp": "2026-01-05T18:27:20.369Z",
  "data": {
    "cycle": 410,
    "before": {
      "interval": 10000,
      "criticalThreshold": 0.04518439453125,
      "urgencyThreshold": 0.13555318359375,
      "restThreshold": 0.0001
    },
    "after": {
      "interval": 10000,
      "criticalThreshold": 0.04518439453125,
      "urgencyThreshold": 0.13555318359375,
      "restThreshold": 0.0001
    },
    "reason": "Stability issues (10/10); Integrity issues (5) - requires attention",
    "violationCounts": {
      "energy": 0,
      "stability": 10,
      "integrity": 5,
      "total": 10
    },
    "energyBefore": 0.3779999999999999,
    "energyAfter": 0.3779999999999999,
    "adaptationCount": 41
  },
  "prev_hash": "4f203277a2090fcf68f97f3d360ff9b99808f08607bd48e5441b5dfcb6756aa4",
  "hash": "89621d3e809b5f3d748c31f55a8fc9f5df883176bae5fab2052042a55a623bda"
}