{
  "seq": 831,
  "type": "AGENT_ULTRASTABILITY",
  "timestamp": "2026-01-05T16:50:25.113Z",
  "data": {
    "cycle": 260,
    "before": {
      "interval": 10000,
      "criticalThreshold": 0.04518439453125,
      "urgencyThreshold": 0.13555318359375,
      "restThreshold": 0.00010941898913151243
    },
    "after": {
      "interval": 10000,
      "criticalThreshold": 0.04518439453125,
      "urgencyThreshold": 0.13555318359375,
      "restThreshold": 0.0001
    },
    "reason": "Stability issues (10/10); Integrity issues (5) - requires attention",
    "violationCounts": {
      "energy": 0,
      "stability": 10,
      "integrity": 5,
      "total": 10
    },
    "energyBefore": 0.2779999999999998,
    "energyAfter": 0.2779999999999998,
    "adaptationCount": 26
  },
  "prev_hash": "38497100145177390873c16f38378a11c0018fb3f8e339998fc00f7f2297ea17",
  "hash": "c57c03d1b75fa167e0db63f2f73cedc9f56b7a011d5a7f643ebec8d66c08b699"
}